http://thetidenewsonline.com,Home - :::...The Tide News Online:::...,A Commitment to the Truth,en_US
http://dailypost.vu,dailypost.vu | 'First with the news',dailypost.vu | 'First with the news',
http://factcrescendo.com,FactCrescendo | The leading fact-checking website in India,The fact behind every news!,en_US
http://completesports.com,Complete Sports Nigeria - Latest Nigeria Sports News,"Latest Sports News, Latest Nigeria Sports News, Latest Premier League News, World Football, Latest International News, Super Eagles, Latest news in Nigeria, Nigeria News, World Cup",en_US
http://nigerianobservernews.com,'NoneType' object has no attribute 'find'
http://osundefender.com,OsunDefender — Osun Defender,Osun Defender,en_US
http://newtelegraphng.com,Newtelegraph - Nigeria’s Most Authoritative Newspaper,Nigeria’s Most Authoritative Newspaper,en_US
http://independent.ng,Independent Newspapers Nigeria | Breaking news from Nigeria and the World,"Independent Newspapers Nigeria - Breaking news - Top news headlines today from Nigeria, Africa and world news in Politics, Showbiz, Business and Sports.",en_GB
http://peoplesdailyng.com,"
   
 Peoples Daily Newspaper ","
   
 Peoples Daily Newspaper ",
http://sunnewsonline.com,The Sun Nigeria &ndash; Nigerian national tabloid newspaper,| Voice of the Nation,en_US
http://nationalmirroronline.net,Home - National Mirror Online,Facebook Comments,en_US
http://businessday.ng,Business News Nigeria | Daily Updates | Businessday.ng,Business news in Nigeria. Financial news. Exclusive news & analysis. Deep research and intelligence reports. In-Depth Analysis. Market-moving news and more,en_US
http://dailytrust.com.ng,"Nigeria News today, Breaking news, Daily News and Features – Daily Trust","Nigerian Breaking News, Investigative stories,Features, Videos,Pictures, Entertainment, Business Stories",en_GB
http://guardian.ng,"The Guardian Nigeria News - Nigeria and World News | The Latest news in Nigeria and world news. The Guardian Nigeria Newspaper brings you the latest headlines, opinions, political news, business reports and international news.","Breaking Nigerian News - Leading Nigeria Newspaper - Top News from Nigeria, Africa and the world",en_US
http://dailytimes.ng,Homepage — Daily Times Nigeria,"edit post News Manufacturers charge SON to stop fake roofing sheets import by Our CorrespondentJuly 4, 2019 edit post News Osun pensioners complain over non-remittance of pension deductions by Our CorrespondentJuly 4, 2019 edit post News Osinbajo leaves for Kigali to attend liberation anniversary by Our CorrespondentJuly 4, 2019 edit post News Obi describes assault …",en_GB
http://leadership.ng,"Leadership Newspaper - Nigerian News, Nigeria Newspapers","Nigeria New, Nigeria Newspapers",en_GB
http://tribuneonlineng.com,400 Bad Request,400 Bad Request,
http://thisdaylive.com,Home - THISDAYLIVE,Home - THISDAYLIVE,en_US
http://thenationonlineng.net,The Nation Newspaper Nigeria - Latest Nigeria news update,"The Nation Newspaper brings you latest Nigerian News Update. Our news ranges from; Nigeria news, politics, business, fashion, entertainment, Sports & others",en_US
http://vanguardngr.com,"Nigeria News, sport and Business from Vanguard Newspapers - Vanguard News","A Nigerian newspapers, Vanguard is a daily publication in Nigeria covering Latest news, Breaking News.",en_US
http://punchng.com,Punch Newspapers – The most widely read newspaper in Nigeria,Punch Newspapers – The most widely read newspaper in Nigeria,
http://compassnewspaper.org,,,
http://thenet.ng,"TheNET.ng - Nigeria's Top Website for News, Gossip, Comedy, Videos, Blogs, Events, Weddings, Nollywood, Celebs, Scoop and Games","Nigerian Entertainment Today - Nigeria's Top Website for News, Gossip, Comedy, Videos, Blogs, Events, Weddings, Nollywood, Celebs, Scoop and Games",en_GB
http://entertainmentexpressdj.net,Home,"Thank you for considering Entertainment Express for your event. With over 25 years in the entertainment industry, you can be assured that you are getting professional, experienced DJs, that will help make your special day the best it can be.",
http://stearsng.com,"Stears Business - Economics, Politics, Business & Finance","Stears Business - Economics, Politics, Business & Finance",
http://daylight.ng,Forbidden,Forbidden,
http://234next.omgmachines2015.com,"
	omgmachines2015.com - Registered at Namecheap.com
","
	omgmachines2015.com - Registered at Namecheap.com
",
http://urhobotoday.com,Urhobo Today,News by the hour,en_US
http://nigeriandailynewspaper.com,NIGERIAN DAILY NEWSPAPER : Nigerian Newspapers,NIGERIAN DAILY NEWSPAPER : Nigerian Newspapers,
http://newsjournal.com.ng,Home - The News Journal,"An independent news media focusing on news around the world, entertainment, health, Politics, Sport, Business, Technology, Arts. We provide you with the latest breaking news and videos straight from around the world.",en_US
http://latestnigeriannews.com,Latest Nigerian News - Nigerian Newspapers - Online Nigeria News,"Read all latest Nigerian Newspaper news headlines in one place, Latest Nigerian News is an online news aggregation of all major Nigerian Newspapers, Get latest nigeria news headlines from Punch newspaper, Thisday online, Daily Sun Newspaper, Nigeria Tribune, Daily Independent, Nigeria Guardian, Vanguard newspapers, Sahara Reporters",
http://tell.ng,TELL Logo,Nigeria's Independent Weekly,en_US
http://hallmarknews.com,Home | Hallmarknews,Home | Hallmarknews,en_US
http://nationalnetworkonline.com,Nigerian Exclusive News Updates - National Network Newspaper,Nigerian Exclusive News Updates - National Network Newspaper,
http://blueprint.ng,Blueprint,For truth and justice,en_US
http://ww4.champion-newspapers.com,champion-newspapers.com,champion-newspapers.com,
http://authorityngr.com,The Authority News,The Authority News,
http://channelstv.com,"Channels Television – Breaking Nigerian News, Today's News & Headlines – Latest updates in Nigeria","Channels Television – Breaking Nigerian News, Today's News & Headlines – Latest updates in Nigeria",
http://cknnigeria.com,CKN News,,
http://championnews.com.ng,Champion - Champion Newspapers Limited,"Total Views: 1642728 ,",en_US
http://elombah.com,Elombah News - Nigeria's trusted Online Newspaper,"Nigeria, News, Economy, Politics, Football, Corruption, Breaking news, Naira, Africa, Terrorism, Boko haram, Abuja, Lagos, Federal Republic of Nigeria",en_US
http://igbolive.com,Igbo News | Nigeria News | Naija News - IGBOLIVE,Igbo News | Nigeria News | Naija News - IGBOLIVE,
http://nationalaccordnewspaper.com,Home - National Accord Newspaper,Home - National Accord Newspaper,en_US
http://nigeriadailytimes.com,Naija News Today & Breaking Nigeria News 247 Live on newsliveng.com,"Nigerian Newspaper Today, Naija News live",en_US
http://newswatchnigeria.com,"BREAKING! MTN Appoints Former NCC Boss Ndukwe as Chairman, Ex-ComTech Minister Omobola as Director",MTN Nigeria has appointed former telecoms regulatory chief Ernest Ndukwe as chairman-designate following its debut stock market listing on the Nigerian...,en_US
http://newsverge.com,Latest News Nigeria Local News Online in Nigeria - Newsverge,Latest News Nigeria Local News Online in Nigeria - Newsverge,en_US
http://news247ngr.com,News247 Nigeria,"News247 Nigeria, is an online newspaper platform with an in-dept news dissemination on National Issues, Politics, Business, Sports, Ent'ment & Lifestyles.",
http://247ureports.com,Newspaper 8 * 247ureports.com,247ureports.com | Impartial Observer,en_US
http://pmnewsnigeria.com,P.M. News,Read the latest Nigeria news,en_US
http://politicsngr.com,Politics Nigeria - A Trusted Nigerian Online Newspaper,"Politics Nigeria - An Independent Online Nigerian Newspaper for Nigerian news, breaking nigerian news, breaking news, and Headlines.",en_US
http://premiumtimesng.com,Premium Times Nigeria,Breaking news and deep investigative stories from Nigeria.,en_GB
http://pulse.ng,News and Entertainment - Latest Updates in Nigeria | Pulse.ng,News and Entertainment - Latest Updates in Nigeria | Pulse.ng,
http://saharareporters.com,Sahara Reporters,"

      Sahara Reporters
    ",
http://theabujainquirer.com,,The Abuja Inquirer | Newspaper,
http://thehopenewspaper.com,Most Authoritative Source Of Ondo State News | The Hope Newspaper,"The Hope Newspaper - The most authoritative source of authentic news as it concerns Ondo state and environs like Ekiti state, Osun, Ogun and Lagos States.",en_GB
http://thecable.ng,Home - TheCable,"
TheCable | Nigeria's independent online newspaper",en_US
http://thewillnigeria.com,THEWILL | Expanding the National Conversation,THEWILL | Expanding the National Conversation,
http://herald.ng,Nigeria News Now: Herald Naija newspaper international breaking news,"Herald a Nigerian newspaper brings you the latest online news in Nigeria, and world news. Nigeria News, Herald Nigeria, latest news in nigeria, naija news",en_US
http://triumphnews.org.ng,403 Forbidden,403 Forbidden,
http://mitvonline.ng,"MiTV - Nigeria's top Entertaining Television Station, News, and more","To be a reputable television station beaming Marketing Oriented entertaining programmes, news, sports, current affairs And culture – A politically unbiased, and self-sustaining station",en_US
http://aitonline.tv,AIT | Africa Independent Television,AIT | Africa Independent Television,
http://silverbirdtv.com,SilverbirdTV - It's About Entertainment,It's About Entertainment,en_US
http://galaxytvonline.com,Galaxy Television | Home,Galaxy Television | Home,
http://tvcnews.tv,,,
http://kingdomafrica.tv,Site Under Construction,Site Under Construction,
http://ebstv.tv,EBS TV | DISCOVER ETHIOPIA'S RICH CULTURAL HERITAGE,EBS TV | DISCOVER ETHIOPIA'S RICH CULTURAL HERITAGE,
http://absradiotv.com,Heartbeat Of The East,Heartbeat Of The East,
http://wakyo.tv,Wakyo Productions,Wakyo Productions,
http://cnbcafrica.com,Home - CNBC Africa,Home - CNBC Africa,en_US
http://nta.ng,"NTA.ng - Breaking News, Nigeria, Africa, Worldwide | Nigerian Television Authority | Africa's Largest Network","Get the latest breaking news and information on the top stories, security, business, entertainment, politics, and more. For in-depth analysis and coverage, NTA provides special reports, video, photo galleries, and interactive guides",
http://revolvy.com,Connect with people who have interests similar to your own on Revolvy.com,See which of our millions of topics are now trending on Revolvy. Organize topics you discover into a personalized library. Choose from hundreds of quizzes that test your knowledge.,
http://oyostate.gov.ng,Oyo State Government – The official website of the Oyo state government.,Oyo State Government – The official website of the Oyo state government.,
http://osbcng.org,OSBC,Osun State Broadcasting Corporation,en_US
http://ogtv.com.ng,Ogun State Television,Ogun State Television,
http://ntaabeokuta.com,NTA Abeokuta - Nigerian Television Authority,Solid As The Rock,en_US
http://pmnewstv.com,สถานีโทรทัศน์ PM News TV,สถานีโทรทัศน์ PM News TV,
http://itv.com,ITV Hub,"ITV Hub - the new home of ITV Player, ITV on demand and live TV. It's all of ITV in one place so you can sneak peek upcoming Premieres, watch Box Sets, series so far, ITV Hub exclusives and even live telly. Catch up on all the stuff you love anytime, anywhere on ITV Hub.",
http://financialnigeria.com,,,
http://effectualmag.com,HomePage - Effectual Magazine,"Reflections December 7, 2018 0 THE ORDINARY COUNTS TOO As we pursue our purposes, we have a tendency to mind only the future and… Wealth Wise December 7, 2018 0 SHOPPING TO SAVE I was out with a friend for lunch and when we got talking about how… Sista Power December 7, 2018 0 TINARead More",en_US
http://economicconfidential.com,Economic Confidential Nigeria Newspaper,"Economic Confidential is a Nigerian economic news magazine published and produced by Image Merchant Promotion (IMPR) Limited, in Abuja, Nigeria.",en_US
http://en.granma.cu,Granma - Official voice of the PCC,Granma - Official voice of the PCC,
http://juventudrebelde.cu,Juventud Rebelde - Diario de la juventud cubana,Medio informativo de Cuba con noticias exclusivas de último minuto actualizado en tiempo real,
http://periodico26.cu,Periodico 26,Periodico 26,
http://en.escambray.cu,Escambray – ENGLISH EDITION,Escambray – ENGLISH EDITION,en
http://tribuna.cu,Tribuna de La Habana,Tribuna de La Habana,
http://ahora.cu,Periódico ¡ahora!,Periódico ¡ahora!,
http://guerrillero.cu,"Portada - Periódico Guerrillero | Pinar del Río, Cuba","Portada - Periódico Guerrillero | Pinar del Río, Cuba",
http://invasor.cu,Periódico Invasor - Diario online de Ciego de Ávila - Portada,Periódico Invasor - Diario online de Ciego de Ávila - Portada,
http://ecured.cu,"HTTPSConnectionPool(host='ecured.cu', port=443): Max retries exceeded with url: / (Caused by SSLError(SSLCertVerificationError(""hostname 'ecured.cu' doesn't match 'www.ecured.cu'"")))"
http://venceremos.cu,Periódico Venceremos,Periódico Venceremos,
http://5septiembre.cu,5 de Septiembre. | Diario digital de Cienfuegos,Diario digital de Cienfuegos,es_ES
http://adelante.cu,"HTTPConnectionPool(host='adelante.cu', port=80): Max retries exceeded with url: / (Caused by NewConnectionError('<urllib3.connection.HTTPConnection object at 0x10cd39c90>: Failed to establish a new connection: [Errno 8] nodename nor servname provided, or not known'))"
http://artemisadiario.cu,Sitio en Mantenimiento,Sitio en Mantenimiento,
http://elheraldo.co,"El Heraldo | Periódico con las últimas noticias de Barranquilla, la región Caribe, Colombia y el mundo. Actualizaciones las 24 horas.","El Heraldo | Periódico con las últimas noticias de Barranquilla, la región Caribe, Colombia y el mundo. Actualizaciones las 24 horas.",
http://oncubanews.com,OnCubaNews | On Paper · Online · On You,"Publicación norteamericana con corresponsalía permanente en La Habana. Puente de comunicación entre Cuba y Estados Unidos. Noticias de Cuba, Estados Unidos y el Mundo.",es_ES
http://havanatimes.org,Havana Times | open-minded writing from Cuba,"Havana Times – Open-minded writing from Cuba, Nicaragua, Venezuela and much of Latin America",en_US
http://jovencuba.com,La Joven Cuba,La Joven Cuba,es_ES
http://therealcuba.com,The Real Cuba,The Real Cuba,
http://hereishavana.com,Here is Havana,A blog written by the gringa next door,en_US
http://tvcubana.icrt.cu,"HTTPConnectionPool(host='tvcubana.icrt.cu', port=80): Max retries exceeded with url: / (Caused by NewConnectionError('<urllib3.connection.HTTPConnection object at 0x10cbd5d90>: Failed to establish a new connection: [Errno 8] nodename nor servname provided, or not known'))"
http://radiohc.cu,Portada | Radio Habana Cuba | Emisora Internacional,Portada | Radio Habana Cuba | Emisora Internacional,
